Sample	Chr	Variant	TP-baseline	TP-call	FP	FN	Precision	Sensitivity	F1-score
MM	chr1	SNPs	31749	31749	2102	2627	0.9379	0.9236	0.9307
MM	chr1	InDels	2107	2111	5640	270	0.2724	0.8864	0.4167
PP	chr1	SNPs	577099	577099	47065	62567	0.9246	0.9022	0.9133
PP	chr1	InDels	48829	48921	27359	8575	0.6413	0.8506	0.7313
TS112	chr1	SNPs	33319	33319	2140	2984	0.9396	0.9178	0.9286
TS112	chr1	InDels	2363	2369	5663	361	0.2949	0.8675	0.4402
TS12	chr1	SNPs	7830	7830	1276	3400	0.8599	0.6972	0.7701
TS12	chr1	InDels	1073	1075	2959	565	0.2665	0.6551	0.3789
TS166	chr1	SNPs	12210	12210	1348	1551	0.9006	0.8873	0.8939
TS166	chr1	InDels	1186	1190	4737	208	0.2008	0.8508	0.3249
TS171	chr1	SNPs	5633	5633	637	1063	0.8984	0.8412	0.8689
TS171	chr1	InDels	807	807	2465	184	0.2466	0.8143	0.3786
TS185	chr1	SNPs	11056	11056	1018	1307	0.9157	0.8943	0.9049
TS185	chr1	InDels	1043	1044	4196	168	0.1992	0.8613	0.3236
TS204	chr1	SNPs	11192	11192	1007	1498	0.9175	0.8820	0.8994
TS204	chr1	InDels	1056	1060	4091	180	0.2058	0.8544	0.3317
TS222	chr1	SNPs	43126	43126	3056	3013	0.9338	0.9347	0.9343
TS222	chr1	InDels	3695	3704	8178	397	0.3117	0.9030	0.4635
TS281	chr1	SNPs	37504	37504	2610	2692	0.9349	0.9330	0.9340
TS281	chr1	InDels	2843	2851	6659	333	0.2998	0.8952	0.4492
TS3	chr1	SNPs	7469	7469	824	1454	0.9006	0.8371	0.8677
TS3	chr1	InDels	1095	1097	2822	271	0.2799	0.8016	0.4149
TS331	chr1	SNPs	57612	57612	4010	7151	0.9349	0.8896	0.9117
TS331	chr1	InDels	6430	6442	8551	1255	0.4297	0.8367	0.5678
TS39	chr1	SNPs	85869	85869	6220	12053	0.9325	0.8769	0.9038
TS39	chr1	InDels	10409	10418	10414	2436	0.5001	0.8104	0.6185
TS413	chr1	SNPs	561941	561941	50223	57003	0.9180	0.9079	0.9129
TS413	chr1	InDels	44656	44739	26818	7363	0.6252	0.8585	0.7235
TS421	chr1	SNPs	36499	36499	7801	6310	0.8239	0.8526	0.8380
TS421	chr1	InDels	5891	5898	6347	1379	0.4817	0.8103	0.6042
TS60	chr1	SNPs	3554	3554	490	487	0.8788	0.8795	0.8792
TS60	chr1	InDels	549	552	1869	114	0.2280	0.8281	0.3576
TS623	chr1	SNPs	101369	101369	7936	15199	0.9274	0.8696	0.8976
TS623	chr1	InDels	12961	12974	11889	3065	0.5218	0.8087	0.6343
TS629	chr1	SNPs	35702	35702	2391	2608	0.9372	0.9319	0.9346
TS629	chr1	InDels	2594	2602	6182	304	0.2962	0.8951	0.4451
TS692	chr1	SNPs	10676	10676	1226	1138	0.8970	0.9037	0.9003
TS692	chr1	InDels	1506	1512	4388	217	0.2563	0.8741	0.3963
TS80	chr1	SNPs	554535	554535	45383	57489	0.9244	0.9061	0.9151
TS80	chr1	InDels	45327	45393	26295	7870	0.6332	0.8521	0.7265
TS9	chr1	SNPs	31612	31612	2043	2864	0.9393	0.9169	0.9280
TS9	chr1	InDels	2079	2083	5559	282	0.2726	0.8806	0.4163
TS96	chr1	SNPs	542240	542240	51854	60392	0.9127	0.8998	0.9062
TS96	chr1	InDels	35009	35076	19269	6070	0.6454	0.8522	0.7346
MM	chr2	SNPs	8494	8494	828	1286	0.9112	0.8685	0.8893
MM	chr2	InDels	865	868	2591	160	0.2509	0.8439	0.3868
PP	chr2	SNPs	314166	314166	19304	32227	0.9421	0.9070	0.9242
PP	chr2	InDels	31226	31303	16716	4633	0.6519	0.8708	0.7456
TS112	chr2	SNPs	7679	7679	779	1013	0.9079	0.8835	0.8955
TS112	chr2	InDels	774	778	2409	128	0.2441	0.8581	0.3801
TS12	chr2	SNPs	15420	15420	1083	2119	0.9344	0.8792	0.9059
TS12	chr2	InDels	2145	2151	3105	364	0.4092	0.8549	0.5535
TS166	chr2	SNPs	7581	7581	717	983	0.9136	0.8852	0.8992
TS166	chr2	InDels	746	749	2579	113	0.2251	0.8685	0.3575
TS171	chr2	SNPs	14842	14842	1298	1869	0.9196	0.8882	0.9036
TS171	chr2	InDels	1930	1933	3139	313	0.3811	0.8605	0.5283
TS185	chr2	SNPs	7492	7492	626	912	0.9229	0.8915	0.9069
TS185	chr2	InDels	700	704	2200	84	0.2424	0.8929	0.3813
TS204	chr2	SNPs	12534	12534	942	1764	0.9301	0.8766	0.9026
TS204	chr2	InDels	1655	1658	2798	297	0.3721	0.8478	0.5172
TS222	chr2	SNPs	27080	27080	2317	2224	0.9212	0.9241	0.9226
TS222	chr2	InDels	2852	2860	5186	306	0.3555	0.9031	0.5101
TS281	chr2	SNPs	30817	30817	2305	2295	0.9304	0.9307	0.9305
TS281	chr2	InDels	2486	2488	4300	236	0.3665	0.9133	0.5231
TS3	chr2	SNPs	15004	15004	1253	1924	0.9229	0.8863	0.9043
TS3	chr2	InDels	1930	1932	3126	325	0.3820	0.8559	0.5282
TS331	chr2	SNPs	60363	60363	4619	6429	0.9289	0.9037	0.9162
TS331	chr2	InDels	10143	10177	7361	1622	0.5803	0.8621	0.6937
TS39	chr2	SNPs	239187	239187	14689	28312	0.9421	0.8942	0.9175
TS39	chr2	InDels	20073	20131	11054	3124	0.6455	0.8653	0.7394
TS413	chr2	SNPs	177910	177910	19897	19693	0.8994	0.9003	0.8999
TS413	chr2	InDels	19541	19608	14812	3136	0.5697	0.8617	0.6859
TS421	chr2	SNPs	11823	11823	37106	1622	0.2416	0.8794	0.3791
TS421	chr2	InDels	1378	1379	11745	224	0.1051	0.8602	0.1873
TS60	chr2	SNPs	16949	16949	1443	2501	0.9215	0.8714	0.8958
TS60	chr2	InDels	2260	2268	3208	464	0.4142	0.8297	0.5525
TS623	chr2	SNPs	47452	47452	3436	5212	0.9325	0.9010	0.9165
TS623	chr2	InDels	7983	8016	5649	1274	0.5866	0.8624	0.6982
TS629	chr2	SNPs	8026	8026	948	707	0.8944	0.9190	0.9065
TS629	chr2	InDels	1032	1034	2390	126	0.3020	0.8912	0.4511
TS692	chr2	SNPs	8766	8766	863	996	0.9104	0.8980	0.9041
TS692	chr2	InDels	1159	1161	2681	140	0.3022	0.8922	0.4515
TS80	chr2	SNPs	68832	68832	4109	7600	0.9437	0.9006	0.9216
TS80	chr2	InDels	11316	11353	8237	1653	0.5795	0.8725	0.6965
TS9	chr2	SNPs	6416	6416	712	927	0.9001	0.8738	0.8867
TS9	chr2	InDels	764	766	2162	130	0.2616	0.8546	0.4006
TS96	chr2	SNPs	59927	59927	3803	7370	0.9403	0.8905	0.9147
TS96	chr2	InDels	9812	9843	6976	1747	0.5852	0.8489	0.6928
MM	chr3	SNPs	13157	13157	1557	1834	0.8942	0.8777	0.8858
MM	chr3	InDels	2019	2019	2888	408	0.4115	0.8319	0.5506
PP	chr3	SNPs	427348	427348	23971	44186	0.9469	0.9063	0.9261
PP	chr3	InDels	36037	36090	19879	6034	0.6448	0.8566	0.7358
TS112	chr3	SNPs	14146	14146	1043	1486	0.9313	0.9049	0.9179
TS112	chr3	InDels	1337	1344	3179	221	0.2971	0.8582	0.4414
TS12	chr3	SNPs	11788	11788	913	1105	0.9281	0.9143	0.9212
TS12	chr3	InDels	897	901	3128	144	0.2236	0.8617	0.3551
TS166	chr3	SNPs	5171	5171	566	524	0.9013	0.9080	0.9047
TS166	chr3	InDels	724	726	2283	139	0.2413	0.8389	0.3748
TS171	chr3	SNPs	14118	14118	1291	1809	0.9162	0.8864	0.9011
TS171	chr3	InDels	2230	2229	3063	516	0.4212	0.8121	0.5547
TS185	chr3	SNPs	10153	10153	988	887	0.9113	0.9197	0.9155
TS185	chr3	InDels	1211	1213	2917	198	0.2937	0.8595	0.4378
TS204	chr3	SNPs	11937	11937	1096	1025	0.9159	0.9209	0.9184
TS204	chr3	InDels	974	975	3028	158	0.2436	0.8604	0.3797
TS222	chr3	SNPs	83369	83369	5721	7287	0.9358	0.9196	0.9276
TS222	chr3	InDels	5953	5969	7976	803	0.4280	0.8811	0.5762
TS281	chr3	SNPs	12624	12624	1289	1307	0.9074	0.9062	0.9068
TS281	chr3	InDels	1786	1792	3466	264	0.3408	0.8712	0.4900
TS3	chr3	SNPs	14171	14171	1275	1807	0.9175	0.8869	0.9019
TS3	chr3	InDels	2225	2223	3167	516	0.4124	0.8117	0.5470
TS331	chr3	SNPs	16082	16082	1355	2219	0.9223	0.8787	0.9000
TS331	chr3	InDels	2659	2663	3598	610	0.4253	0.8134	0.5586
TS39	chr3	SNPs	75191	75191	5782	11682	0.9286	0.8655	0.8960
TS39	chr3	InDels	9713	9724	7072	2006	0.5789	0.8288	0.6817
TS413	chr3	SNPs	414459	414459	31572	50074	0.9292	0.8922	0.9103
TS413	chr3	InDels	33458	33503	20398	6460	0.6216	0.8382	0.7138
TS421	chr3	SNPs	54192	54192	4159	8374	0.9287	0.8662	0.8964
TS421	chr3	InDels	8616	8631	6941	1862	0.5543	0.8223	0.6622
TS60	chr3	SNPs	6083	6083	745	892	0.8909	0.8721	0.8814
TS60	chr3	InDels	973	972	1949	195	0.3328	0.8330	0.4756
TS623	chr3	SNPs	22370	22370	1932	4587	0.9205	0.8298	0.8728
TS623	chr3	InDels	3409	3409	3936	862	0.4641	0.7982	0.5869
TS629	chr3	SNPs	11655	11655	1240	1308	0.9038	0.8991	0.9015
TS629	chr3	InDels	1594	1603	2875	266	0.3580	0.8570	0.5050
TS692	chr3	SNPs	13364	13364	1280	1507	0.9126	0.8987	0.9056
TS692	chr3	InDels	1865	1869	3522	287	0.3467	0.8666	0.4953
TS80	chr3	SNPs	50850	50850	44115	6384	0.5355	0.8885	0.6682
TS80	chr3	InDels	7551	7563	13207	1454	0.3641	0.8385	0.5078
TS9	chr3	SNPs	12198	12198	1515	1639	0.8895	0.8815	0.8855
TS9	chr3	InDels	1862	1861	2801	394	0.3992	0.8254	0.5381
TS96	chr3	SNPs	364700	364700	18694	54370	0.9512	0.8703	0.9090
TS96	chr3	InDels	26950	27000	15861	5495	0.6299	0.8306	0.7165
MM	chr4	SNPs	16989	16989	2096	2476	0.8902	0.8728	0.8814
MM	chr4	InDels	2155	2160	3474	508	0.3834	0.8092	0.5203
PP	chr4	SNPs	449459	449459	27315	53079	0.9427	0.8944	0.9179
PP	chr4	InDels	34894	34956	19601	7077	0.6407	0.8314	0.7237
TS112	chr4	SNPs	56397	56397	3846	5100	0.9362	0.9171	0.9265
TS112	chr4	InDels	4251	4263	5375	767	0.4423	0.8472	0.5812
TS12	chr4	SNPs	28859	28859	4784	6585	0.8578	0.8142	0.8354
TS12	chr4	InDels	3790	3795	3842	1086	0.4969	0.7773	0.6063
TS166	chr4	SNPs	337571	337571	15311	35588	0.9566	0.9046	0.9299
TS166	chr4	InDels	19865	19896	10471	3763	0.6552	0.8407	0.7365
TS171	chr4	SNPs	347873	347873	18157	41506	0.9504	0.8934	0.9210
TS171	chr4	InDels	21238	21274	11203	4519	0.6550	0.8246	0.7301
TS185	chr4	SNPs	11431	11431	1141	2069	0.9092	0.8467	0.8769
TS185	chr4	InDels	1782	1784	2155	451	0.4529	0.7980	0.5779
TS204	chr4	SNPs	21730	21730	3800	2941	0.8512	0.8808	0.8657
TS204	chr4	InDels	2589	2595	3863	585	0.4018	0.8157	0.5384
TS222	chr4	SNPs	65021	65021	8012	7553	0.8903	0.8959	0.8931
TS222	chr4	InDels	5315	5327	7386	976	0.4190	0.8449	0.5602
TS281	chr4	SNPs	59349	59349	4533	5999	0.9290	0.9082	0.9185
TS281	chr4	InDels	4557	4568	6217	868	0.4236	0.8400	0.5631
TS3	chr4	SNPs	352654	352654	16727	39762	0.9547	0.8987	0.9258
TS3	chr4	InDels	21512	21547	11220	4310	0.6576	0.8331	0.7350
TS331	chr4	SNPs	431053	431053	23685	50637	0.9479	0.8949	0.9206
TS331	chr4	InDels	32288	32349	18357	6535	0.6380	0.8317	0.7221
TS39	chr4	SNPs	428676	428676	26272	52090	0.9423	0.8917	0.9163
TS39	chr4	InDels	32304	32369	17978	6793	0.6429	0.8263	0.7231
TS413	chr4	SNPs	321369	321369	21167	35517	0.9382	0.9005	0.9190
TS413	chr4	InDels	26576	26619	17220	5044	0.6072	0.8405	0.7050
TS421	chr4	SNPs	398094	398094	26470	50803	0.9377	0.8868	0.9115
TS421	chr4	InDels	28628	28679	16616	6148	0.6332	0.8232	0.7158
TS60	chr4	SNPs	6069	6069	1275	591	0.8264	0.9113	0.8668
TS60	chr4	InDels	414	415	2265	95	0.1549	0.8134	0.2602
TS623	chr4	SNPs	442847	442847	24079	55444	0.9484	0.8887	0.9176
TS623	chr4	InDels	34398	34461	18846	7169	0.6465	0.8275	0.7259
TS629	chr4	SNPs	14889	14889	2136	2264	0.8745	0.8680	0.8713
TS629	chr4	InDels	2192	2196	3219	485	0.4055	0.8188	0.5424
TS692	chr4	SNPs	21438	21438	2481	2731	0.8963	0.8870	0.8916
TS692	chr4	InDels	2788	2792	4371	588	0.3898	0.8258	0.5296
TS80	chr4	SNPs	345576	345576	24185	35376	0.9346	0.9071	0.9207
TS80	chr4	InDels	24502	24545	16022	4503	0.6050	0.8448	0.7051
TS9	chr4	SNPs	17699	17699	2133	2596	0.8924	0.8721	0.8821
TS9	chr4	InDels	2240	2244	3488	535	0.3915	0.8072	0.5273
TS96	chr4	SNPs	342619	342619	15871	34639	0.9557	0.9082	0.9313
TS96	chr4	InDels	24690	24735	15278	4727	0.6182	0.8393	0.7120
MM	chr5	SNPs	9223	9223	979	915	0.9040	0.9097	0.9069
MM	chr5	InDels	829	830	2660	145	0.2378	0.8511	0.3718
PP	chr5	SNPs	569064	569064	27617	59322	0.9537	0.9056	0.9290
PP	chr5	InDels	37830	37897	20498	6729	0.6490	0.8490	0.7356
TS112	chr5	SNPs	7823	7823	782	776	0.9091	0.9098	0.9094
TS112	chr5	InDels	782	784	1870	125	0.2954	0.8622	0.4400
TS12	chr5	SNPs	7746	7746	802	984	0.9062	0.8873	0.8966
TS12	chr5	InDels	753	754	2011	138	0.2727	0.8451	0.4123
TS166	chr5	SNPs	6034	6034	643	650	0.9037	0.9028	0.9032
TS166	chr5	InDels	670	672	1927	117	0.2586	0.8513	0.3967
TS171	chr5	SNPs	510016	510016	22122	49641	0.9584	0.9113	0.9343
TS171	chr5	InDels	29095	29150	14407	4818	0.6692	0.8579	0.7519
TS185	chr5	SNPs	15982	15982	1553	1672	0.9114	0.9053	0.9084
TS185	chr5	InDels	1286	1291	3488	229	0.2701	0.8488	0.4098
TS204	chr5	SNPs	8337	8337	823	737	0.9102	0.9188	0.9144
TS204	chr5	InDels	824	828	2089	130	0.2839	0.8637	0.4273
TS222	chr5	SNPs	52728	52728	4028	3585	0.9290	0.9363	0.9327
TS222	chr5	InDels	3555	3567	7230	472	0.3304	0.8828	0.4808
TS281	chr5	SNPs	37468	37468	2841	2273	0.9295	0.9428	0.9361
TS281	chr5	InDels	2202	2206	5285	273	0.2945	0.8897	0.4425
TS3	chr5	SNPs	511184	511184	21187	50972	0.9602	0.9093	0.9341
TS3	chr5	InDels	29115	29168	14433	4852	0.6690	0.8572	0.7515
TS331	chr5	SNPs	534253	534253	24677	54306	0.9558	0.9077	0.9312
TS331	chr5	InDels	32435	32500	17345	5491	0.6520	0.8552	0.7399
TS39	chr5	SNPs	553007	553007	26490	58863	0.9543	0.9038	0.9284
TS39	chr5	InDels	34984	35048	18404	6573	0.6557	0.8418	0.7372
TS413	chr5	SNPs	266687	266687	21802	23346	0.9244	0.9195	0.9220
TS413	chr5	InDels	19443	19464	16598	3249	0.5397	0.8568	0.6623
TS421	chr5	SNPs	376876	376876	21261	36840	0.9466	0.9110	0.9284
TS421	chr5	InDels	26458	26506	17993	4854	0.5957	0.8450	0.6987
TS60	chr5	SNPs	21367	21367	1834	2818	0.9210	0.8835	0.9018
TS60	chr5	InDels	1929	1939	3804	400	0.3376	0.8283	0.4797
TS623	chr5	SNPs	534819	534819	23001	54786	0.9588	0.9071	0.9322
TS623	chr5	InDels	33130	33199	17071	5785	0.6604	0.8513	0.7438
TS629	chr5	SNPs	14083	14083	1291	1172	0.9160	0.9232	0.9196
TS629	chr5	InDels	1190	1191	3515	182	0.2531	0.8673	0.3918
TS692	chr5	SNPs	13252	13252	1569	1178	0.8941	0.9184	0.9061
TS692	chr5	InDels	1407	1408	3490	206	0.2875	0.8723	0.4324
TS80	chr5	SNPs	55120	55120	4809	5511	0.9198	0.9091	0.9144
TS80	chr5	InDels	4844	4853	7260	901	0.4006	0.8432	0.5432
TS9	chr5	SNPs	9768	9768	1109	1026	0.8980	0.9049	0.9015
TS9	chr5	InDels	908	910	2676	160	0.2538	0.8502	0.3909
TS96	chr5	SNPs	62644	62644	5288	7410	0.9222	0.8942	0.9080
TS96	chr5	InDels	7052	7068	8315	1461	0.4595	0.8284	0.5911
MM	chr6	SNPs	12079	12079	817	2060	0.9366	0.8543	0.8936
MM	chr6	InDels	1888	1898	2354	391	0.4464	0.8284	0.5802
PP	chr6	SNPs	347495	347495	29491	42551	0.9218	0.8909	0.9061
PP	chr6	InDels	29769	29839	16508	4809	0.6438	0.8609	0.7367
TS112	chr6	SNPs	1345	1345	439	212	0.7539	0.8638	0.8051
TS112	chr6	InDels	184	185	983	21	0.1584	0.8976	0.2693
TS12	chr6	SNPs	28408	28408	6336	17530	0.8176	0.6184	0.7042
TS12	chr6	InDels	4001	4011	3643	3075	0.5240	0.5654	0.5439
TS166	chr6	SNPs	1948	1948	469	144	0.8060	0.9312	0.8640
TS166	chr6	InDels	143	143	1666	24	0.0790	0.8563	0.1447
TS171	chr6	SNPs	6204	6204	814	575	0.8840	0.9152	0.8993
TS171	chr6	InDels	400	401	1932	44	0.1719	0.9009	0.2887
TS185	chr6	SNPs	5353	5353	879	506	0.8590	0.9136	0.8855
TS185	chr6	InDels	314	314	1981	42	0.1368	0.8820	0.2369
TS204	chr6	SNPs	3710	3710	574	367	0.8660	0.9100	0.8875
TS204	chr6	InDels	395	396	1629	63	0.1956	0.8624	0.3188
TS222	chr6	SNPs	25944	25944	2971	3070	0.8973	0.8942	0.8957
TS222	chr6	InDels	1982	1989	4935	256	0.2873	0.8856	0.4338
TS281	chr6	SNPs	10013	10013	1202	1021	0.8928	0.9075	0.9001
TS281	chr6	InDels	1074	1079	2745	146	0.2822	0.8803	0.4274
TS3	chr6	SNPs	6248	6248	828	582	0.8830	0.9148	0.8986
TS3	chr6	InDels	400	401	2147	52	0.1574	0.8850	0.2672
TS331	chr6	SNPs	249917	249917	22643	28060	0.9169	0.8991	0.9079
TS331	chr6	InDels	14997	15025	8947	2377	0.6268	0.8632	0.7262
TS39	chr6	SNPs	19338	19338	2092	2151	0.9024	0.8999	0.9011
TS39	chr6	InDels	1282	1287	2985	197	0.3013	0.8668	0.4471
TS413	chr6	SNPs	138252	138252	151377	40785	0.4773	0.7722	0.5900
TS413	chr6	InDels	13818	13842	23403	2810	0.3716	0.8310	0.5136
TS421	chr6	SNPs	229381	229381	19146	29221	0.9230	0.8870	0.9046
TS421	chr6	InDels	18650	18698	12810	3124	0.5934	0.8565	0.7011
TS60	chr6	SNPs	2451	2451	502	195	0.8300	0.9263	0.8755
TS60	chr6	InDels	195	195	1313	26	0.1293	0.8824	0.2256
TS623	chr6	SNPs	83971	83971	5881	11571	0.9345	0.8789	0.9059
TS623	chr6	InDels	11841	11882	7469	2225	0.6140	0.8418	0.7101
TS629	chr6	SNPs	18848	18848	2231	2183	0.8942	0.8962	0.8952
TS629	chr6	InDels	1131	1137	3251	176	0.2591	0.8653	0.3988
TS692	chr6	SNPs	18766	18766	2027	2165	0.9025	0.8966	0.8995
TS692	chr6	InDels	1269	1278	3239	189	0.2829	0.8704	0.4270
TS80	chr6	SNPs	5336	5336	855	563	0.8619	0.9046	0.8827
TS80	chr6	InDels	505	506	2503	71	0.1682	0.8767	0.2822
TS9	chr6	SNPs	16124	16124	2004	1921	0.8895	0.8935	0.8915
TS9	chr6	InDels	773	775	2861	107	0.2131	0.8784	0.3431
TS96	chr6	SNPs	223970	223970	18696	28101	0.9230	0.8885	0.9054
TS96	chr6	InDels	18170	18216	12713	2961	0.5890	0.8599	0.6991
MM	chr7	SNPs	7437	7437	721	1223	0.9116	0.8588	0.8844
MM	chr7	InDels	677	680	2504	110	0.2136	0.8602	0.3422
PP	chr7	SNPs	632089	632089	34379	69894	0.9484	0.9004	0.9238
PP	chr7	InDels	41192	41251	23223	8015	0.6398	0.8371	0.7253
TS112	chr7	SNPs	7552	7552	656	697	0.9201	0.9155	0.9178
TS112	chr7	InDels	652	653	2715	103	0.1939	0.8636	0.3167
TS12	chr7	SNPs	9898	9898	1299	4164	0.8840	0.7039	0.7837
TS12	chr7	InDels	1180	1180	2569	393	0.3148	0.7502	0.4434
TS166	chr7	SNPs	6793	6793	636	366	0.9144	0.9489	0.9313
TS166	chr7	InDels	555	555	3067	57	0.1532	0.9069	0.2622
TS171	chr7	SNPs	8382	8382	737	876	0.9192	0.9054	0.9122
TS171	chr7	InDels	769	770	3079	104	0.2001	0.8809	0.3261
TS185	chr7	SNPs	1838	1838	195	705	0.9041	0.7228	0.8033
TS185	chr7	InDels	190	191	1492	63	0.1135	0.7510	0.1972
TS204	chr7	SNPs	10499	10499	1282	3931	0.8912	0.7276	0.8011
TS204	chr7	InDels	1293	1294	2315	383	0.3585	0.7715	0.4896
TS222	chr7	SNPs	39142	39142	3139	3923	0.9258	0.9089	0.9173
TS222	chr7	InDels	2902	2911	6301	397	0.3160	0.8797	0.4650
TS281	chr7	SNPs	12834	12834	1332	1521	0.9060	0.8940	0.9000
TS281	chr7	InDels	1462	1463	3673	174	0.2849	0.8936	0.4320
TS3	chr7	SNPs	7768	7768	636	574	0.9243	0.9312	0.9277
TS3	chr7	InDels	704	705	2925	93	0.1942	0.8833	0.3184
TS331	chr7	SNPs	40392	40392	3717	8098	0.9157	0.8330	0.8724
TS331	chr7	InDels	5238	5240	5858	1384	0.4722	0.7910	0.5913
TS39	chr7	SNPs	603420	603420	33901	70962	0.9468	0.8948	0.9201
TS39	chr7	InDels	39938	39994	22566	8229	0.6393	0.8292	0.7219
TS413	chr7	SNPs	597540	597540	42075	64929	0.9342	0.9020	0.9178
TS413	chr7	InDels	38260	38309	23662	7428	0.6182	0.8374	0.7113
TS421	chr7	SNPs	365415	365415	22345	30985	0.9424	0.9218	0.9320
TS421	chr7	InDels	20774	20806	15388	3547	0.5748	0.8542	0.6872
TS60	chr7	SNPs	8524	8524	1460	1173	0.8538	0.8790	0.8662
TS60	chr7	InDels	755	757	2753	156	0.2157	0.8288	0.3423
TS623	chr7	SNPs	6585	6585	556	581	0.9221	0.9189	0.9205
TS623	chr7	InDels	588	590	2446	85	0.1943	0.8737	0.3179
TS629	chr7	SNPs	7383	7383	1137	838	0.8665	0.8981	0.8820
TS629	chr7	InDels	639	640	2822	89	0.1849	0.8777	0.3054
TS692	chr7	SNPs	9382	9382	976	1174	0.9058	0.8888	0.8972
TS692	chr7	InDels	983	986	3144	174	0.2387	0.8496	0.3727
TS80	chr7	SNPs	365335	365335	27762	31927	0.9294	0.9196	0.9245
TS80	chr7	InDels	23277	23306	17552	4003	0.5704	0.8533	0.6837
TS9	chr7	SNPs	5911	5911	534	473	0.9171	0.9259	0.9215
TS9	chr7	InDels	529	531	2209	68	0.1938	0.8861	0.3180
TS96	chr7	SNPs	53458	53458	5004	9395	0.9144	0.8505	0.8813
TS96	chr7	InDels	7516	7523	7121	1703	0.5137	0.8153	0.6303
MM	chr8	SNPs	7246	7246	1122	892	0.8659	0.8904	0.8780
MM	chr8	InDels	706	706	2434	84	0.2248	0.8937	0.3593
PP	chr8	SNPs	577995	577995	32086	81909	0.9474	0.8759	0.9102
PP	chr8	InDels	40248	40324	19388	7458	0.6753	0.8437	0.7502
TS112	chr8	SNPs	6426	6426	944	733	0.8719	0.8976	0.8846
TS112	chr8	InDels	621	620	2288	94	0.2132	0.8685	0.3424
TS12	chr8	SNPs	6697	6697	887	694	0.8830	0.9061	0.8944
TS12	chr8	InDels	678	677	2383	112	0.2212	0.8582	0.3518
TS166	chr8	SNPs	9805	9805	1288	966	0.8839	0.9103	0.8969
TS166	chr8	InDels	860	862	3058	103	0.2199	0.8930	0.3529
TS171	chr8	SNPs	2851	2851	519	380	0.8460	0.8824	0.8638
TS171	chr8	InDels	398	399	1437	65	0.2173	0.8596	0.3469
TS185	chr8	SNPs	1146	1146	265	100	0.8122	0.9197	0.8626
TS185	chr8	InDels	172	172	1002	16	0.1465	0.9149	0.2526
TS204	chr8	SNPs	8992	8992	1138	1520	0.8877	0.8554	0.8712
TS204	chr8	InDels	709	712	2664	104	0.2109	0.8721	0.3397
TS222	chr8	SNPs	74726	74726	6565	5775	0.9192	0.9283	0.9237
TS222	chr8	InDels	4392	4402	6891	451	0.3898	0.9069	0.5452
TS281	chr8	SNPs	7444	7444	1227	1244	0.8585	0.8568	0.8577
TS281	chr8	InDels	778	778	2575	97	0.2320	0.8891	0.3680
TS3	chr8	SNPs	2890	2890	385	478	0.8824	0.8581	0.8701
TS3	chr8	InDels	399	400	1460	64	0.2151	0.8618	0.3442
TS331	chr8	SNPs	15114	15114	8075	2487	0.6518	0.8587	0.7411
TS331	chr8	InDels	2450	2452	4522	404	0.3516	0.8584	0.4989
TS39	chr8	SNPs	565406	565406	31861	80834	0.9467	0.8749	0.9094
TS39	chr8	InDels	36671	36727	17380	7128	0.6788	0.8373	0.7497
TS413	chr8	SNPs	575056	575056	34985	84302	0.9427	0.8721	0.9060
TS413	chr8	InDels	37849	37906	19101	7215	0.6649	0.8399	0.7422
TS421	chr8	SNPs	329252	329252	23416	32898	0.9336	0.9092	0.9212
TS421	chr8	InDels	21358	21413	13725	3175	0.6094	0.8706	0.7169
TS60	chr8	SNPs	5691	5691	923	803	0.8604	0.8763	0.8683
TS60	chr8	InDels	486	486	2153	68	0.1842	0.8773	0.3044
TS623	chr8	SNPs	37848	37848	3338	5916	0.9190	0.8648	0.8911
TS623	chr8	InDels	5816	5825	5004	1116	0.5379	0.8390	0.6555
TS629	chr8	SNPs	10829	10829	1392	1503	0.8861	0.8781	0.8821
TS629	chr8	InDels	1089	1091	3111	136	0.2596	0.8890	0.4019
TS692	chr8	SNPs	69209	69209	7174	6555	0.9061	0.9135	0.9098
TS692	chr8	InDels	3828	3839	5900	472	0.3942	0.8902	0.5464
TS80	chr8	SNPs	328083	328083	23324	32228	0.9336	0.9106	0.9219
TS80	chr8	InDels	22884	22940	15138	3428	0.6024	0.8697	0.7118
TS9	chr8	SNPs	8402	8402	1192	1339	0.8758	0.8625	0.8691
TS9	chr8	InDels	822	822	2579	156	0.2417	0.8405	0.3754
TS96	chr8	SNPs	311679	311679	22303	30451	0.9332	0.9110	0.9220
TS96	chr8	InDels	18797	18842	12524	2915	0.6007	0.8657	0.7093
MM	chr9	SNPs	6949	6949	1496	1874	0.8229	0.7876	0.8048
MM	chr9	InDels	997	1002	2100	238	0.3230	0.8073	0.4614
PP	chr9	SNPs	283161	283161	21801	27509	0.9285	0.9115	0.9199
PP	chr9	InDels	23163	23197	18175	4239	0.5607	0.8453	0.6742
TS112	chr9	SNPs	10161	10161	1831	2880	0.8473	0.7792	0.8118
TS112	chr9	InDels	1236	1241	3012	347	0.2918	0.7808	0.4248
TS12	chr9	SNPs	521496	521496	86593	688916	0.8576	0.4308	0.5735
TS12	chr9	InDels	34291	34355	16428	44504	0.6765	0.4352	0.5297
TS166	chr9	SNPs	9424	9424	1262	1854	0.8819	0.8356	0.8581
TS166	chr9	InDels	1174	1180	3153	258	0.2723	0.8198	0.4088
TS171	chr9	SNPs	5151	5151	693	1009	0.8814	0.8362	0.8582
TS171	chr9	InDels	715	718	1844	168	0.2802	0.8097	0.4164
TS185	chr9	SNPs	3540	3540	404	569	0.8976	0.8615	0.8792
TS185	chr9	InDels	499	499	1522	102	0.2469	0.8303	0.3806
TS204	chr9	SNPs	5988	5988	594	1263	0.9098	0.8258	0.8658
TS204	chr9	InDels	841	843	1913	211	0.3059	0.7994	0.4425
TS222	chr9	SNPs	40117	40117	4978	4866	0.8896	0.8918	0.8907
TS222	chr9	InDels	3401	3406	6715	647	0.3365	0.8402	0.4806
TS281	chr9	SNPs	43004	43004	4439	4595	0.9064	0.9035	0.9049
TS281	chr9	InDels	3000	3006	6212	570	0.3261	0.8403	0.4699
TS3	chr9	SNPs	5288	5288	495	1118	0.9144	0.8255	0.8677
TS3	chr9	InDels	717	719	1911	177	0.2734	0.8020	0.4078
TS331	chr9	SNPs	524448	524448	88898	688281	0.8551	0.4325	0.5744
TS331	chr9	InDels	34773	34842	17345	43957	0.6676	0.4417	0.5316
TS39	chr9	SNPs	51688	51688	6532	10853	0.8878	0.8265	0.8560
TS39	chr9	InDels	7225	7231	6869	1841	0.5128	0.7969	0.6241
TS413	chr9	SNPs	278289	278289	21066	26634	0.9296	0.9127	0.9211
TS413	chr9	InDels	22644	22691	17586	4010	0.5634	0.8496	0.6775
TS421	chr9	SNPs	248888	248888	20337	21863	0.9245	0.9193	0.9218
TS421	chr9	InDels	18742	18774	16153	3177	0.5375	0.8551	0.6601
TS60	chr9	SNPs	6500	6500	1025	1600	0.8638	0.8025	0.8320
TS60	chr9	InDels	991	993	1767	258	0.3598	0.7934	0.4951
TS623	chr9	SNPs	262550	262550	19994	25357	0.9292	0.9119	0.9205
TS623	chr9	InDels	21304	21342	16224	3879	0.5681	0.8460	0.6797
TS629	chr9	SNPs	13585	13585	2845	2553	0.8268	0.8418	0.8343
TS629	chr9	InDels	1473	1480	3867	306	0.2768	0.8280	0.4149
TS692	chr9	SNPs	15863	15863	2377	2825	0.8697	0.8488	0.8591
TS692	chr9	InDels	1827	1830	4287	366	0.2992	0.8331	0.4402
TS80	chr9	SNPs	243534	243534	19822	20942	0.9247	0.9208	0.9228
TS80	chr9	InDels	17078	17113	14686	2767	0.5382	0.8606	0.6622
TS9	chr9	SNPs	16177	16177	2440	2810	0.8689	0.8520	0.8604
TS9	chr9	InDels	1694	1700	4147	329	0.2907	0.8374	0.4316
TS96	chr9	SNPs	229955	229955	16824	19551	0.9318	0.9216	0.9267
TS96	chr9	InDels	16640	16682	14191	2784	0.5403	0.8567	0.6627
MM	chr10	SNPs	5524	5524	577	887	0.9054	0.8616	0.8830
MM	chr10	InDels	544	547	1805	109	0.2326	0.8331	0.3636
PP	chr10	SNPs	363320	363320	21382	36026	0.9444	0.9098	0.9268
PP	chr10	InDels	28335	28380	15486	4621	0.6470	0.8598	0.7383
TS112	chr10	SNPs	5356	5356	675	807	0.8881	0.8691	0.8785
TS112	chr10	InDels	572	574	1641	97	0.2591	0.8550	0.3977
TS12	chr10	SNPs	2635	2635	295	289	0.8993	0.9012	0.9002
TS12	chr10	InDels	383	384	1640	72	0.1897	0.8418	0.3097
TS166	chr10	SNPs	5781	5781	750	717	0.8852	0.8897	0.8874
TS166	chr10	InDels	610	612	2003	95	0.2340	0.8652	0.3684
TS171	chr10	SNPs	20728	20728	1002	1606	0.9539	0.9281	0.9408
TS171	chr10	InDels	1560	1565	3347	274	0.3186	0.8506	0.4636
TS185	chr10	SNPs	13180	13180	1110	997	0.9223	0.9297	0.9260
TS185	chr10	InDels	975	977	2939	130	0.2495	0.8824	0.3890
TS204	chr10	SNPs	22081	22081	1146	1929	0.9507	0.9197	0.9349
TS204	chr10	InDels	1935	1939	3360	294	0.3659	0.8681	0.5148
TS222	chr10	SNPs	90395	90395	3551	5077	0.9622	0.9468	0.9544
TS222	chr10	InDels	4853	4864	6306	485	0.4355	0.9091	0.5889
TS281	chr10	SNPs	23004	23004	1302	1854	0.9464	0.9254	0.9358
TS281	chr10	InDels	1717	1724	3851	238	0.3092	0.8783	0.4574
TS3	chr10	SNPs	20331	20331	978	1581	0.9541	0.9278	0.9408
TS3	chr10	InDels	1538	1543	3323	262	0.3171	0.8544	0.4625
TS331	chr10	SNPs	333757	333757	15260	34935	0.9563	0.9052	0.9301
TS331	chr10	InDels	21445	21496	11501	3191	0.6515	0.8705	0.7452
TS39	chr10	SNPs	32653	32653	2522	5341	0.9283	0.8594	0.8925
TS39	chr10	InDels	4917	4924	4075	1129	0.5472	0.8133	0.6542
TS413	chr10	SNPs	360698	360698	18378	34568	0.9515	0.9125	0.9316
TS413	chr10	InDels	26177	26241	14177	3895	0.6492	0.8705	0.7438
TS421	chr10	SNPs	33646	33646	2232	3523	0.9378	0.9052	0.9212
TS421	chr10	InDels	3632	3638	4435	703	0.4506	0.8378	0.5861
TS60	chr10	SNPs	550	550	190	222	0.7432	0.7124	0.7275
TS60	chr10	InDels	82	82	763	19	0.0970	0.8119	0.1734
TS623	chr10	SNPs	12819	12819	1134	3047	0.9187	0.8080	0.8598
TS623	chr10	InDels	1722	1726	2450	367	0.4133	0.8243	0.5506
TS629	chr10	SNPs	20468	20468	1217	1571	0.9439	0.9287	0.9362
TS629	chr10	InDels	1459	1464	3384	179	0.3020	0.8907	0.4510
TS692	chr10	SNPs	85808	85808	3319	4772	0.9628	0.9473	0.9550
TS692	chr10	InDels	4348	4357	5698	473	0.4333	0.9019	0.5854
TS80	chr10	SNPs	20809	20809	1151	1592	0.9476	0.9289	0.9382
TS80	chr10	InDels	1386	1392	3740	176	0.2712	0.8873	0.4155
TS9	chr10	SNPs	4385	4385	439	680	0.9090	0.8657	0.8868
TS9	chr10	InDels	418	420	1497	68	0.2191	0.8601	0.3492
TS96	chr10	SNPs	341004	341004	18109	28917	0.9496	0.9218	0.9355
TS96	chr10	InDels	23008	23065	12399	3293	0.6504	0.8748	0.7461
MM	chr11	SNPs	21409	21409	2779	2184	0.8851	0.9074	0.8961
MM	chr11	InDels	2079	2086	3806	328	0.3540	0.8637	0.5022
PP	chr11	SNPs	269146	269146	21329	32217	0.9266	0.8931	0.9095
PP	chr11	InDels	22947	22990	14757	3550	0.6091	0.8660	0.7152
TS112	chr11	SNPs	22392	22392	2676	2142	0.8933	0.9127	0.9029
TS112	chr11	InDels	2191	2199	3873	337	0.3622	0.8667	0.5108
TS12	chr11	SNPs	52476	52476	4577	5944	0.9198	0.8983	0.9089
TS12	chr11	InDels	5806	5825	5643	943	0.5079	0.8603	0.6387
TS166	chr11	SNPs	21605	21605	2773	1979	0.8862	0.9161	0.9009
TS166	chr11	InDels	2089	2096	3921	310	0.3483	0.8708	0.4976
TS171	chr11	SNPs	203808	203808	16114	21299	0.9267	0.9054	0.9159
TS171	chr11	InDels	12565	12592	8955	1455	0.5844	0.8962	0.7075
TS185	chr11	SNPs	14720	14720	2187	1036	0.8706	0.9342	0.9013
TS185	chr11	InDels	923	925	3008	109	0.2352	0.8944	0.3724
TS204	chr11	SNPs	215281	215281	16160	22846	0.9302	0.9041	0.9169
TS204	chr11	InDels	14068	14101	9551	1799	0.5962	0.8866	0.7130
TS222	chr11	SNPs	39051	39051	5464	3587	0.8773	0.9159	0.8961
TS222	chr11	InDels	3257	3269	5712	458	0.3640	0.8767	0.5144
TS281	chr11	SNPs	22415	22415	2881	2072	0.8861	0.9154	0.9005
TS281	chr11	InDels	2411	2420	4164	346	0.3676	0.8745	0.5176
TS3	chr11	SNPs	204332	204332	15966	21387	0.9275	0.9052	0.9163
TS3	chr11	InDels	12556	12583	8980	1465	0.5835	0.8955	0.7066
TS331	chr11	SNPs	205199	205199	17668	21767	0.9207	0.9041	0.9123
TS331	chr11	InDels	13452	13475	10143	1806	0.5705	0.8816	0.6928
TS39	chr11	SNPs	252775	252775	19326	28747	0.9290	0.8979	0.9132
TS39	chr11	InDels	19623	19669	12637	2973	0.6088	0.8684	0.7158
TS413	chr11	SNPs	248161	248161	14094	54167	0.9463	0.8208	0.8791
TS413	chr11	InDels	21709	21761	13569	4260	0.6159	0.8360	0.7093
TS421	chr11	SNPs	214314	214314	15970	23555	0.9307	0.9010	0.9156
TS421	chr11	InDels	14043	14080	9709	1758	0.5919	0.8887	0.7105
TS60	chr11	SNPs	21857	21857	2808	2075	0.8862	0.9133	0.8995
TS60	chr11	InDels	2160	2168	3993	338	0.3519	0.8647	0.5002
TS623	chr11	SNPs	245219	245219	19704	29013	0.9256	0.8942	0.9096
TS623	chr11	InDels	19084	19126	12673	2883	0.6015	0.8688	0.7108
TS629	chr11	SNPs	8236	8236	880	1365	0.9035	0.8578	0.8801
TS629	chr11	InDels	1214	1219	1879	237	0.3935	0.8367	0.5352
TS692	chr11	SNPs	22883	22883	2804	2095	0.8908	0.9161	0.9033
TS692	chr11	InDels	2226	2235	4121	342	0.3516	0.8668	0.5003
TS80	chr11	SNPs	44593	44593	4427	5480	0.9097	0.8906	0.9000
TS80	chr11	InDels	5773	5786	6457	1083	0.4726	0.8420	0.6054
TS9	chr11	SNPs	21765	21765	2723	2119	0.8888	0.9113	0.8999
TS9	chr11	InDels	2121	2129	3868	331	0.3550	0.8650	0.5034
TS96	chr11	SNPs	237192	237192	19249	26848	0.9249	0.8983	0.9114
TS96	chr11	InDels	17725	17773	12366	2742	0.5897	0.8660	0.7016
MM	chr12	SNPs	51728	51728	3855	4350	0.9306	0.9224	0.9265
MM	chr12	InDels	2692	2698	5637	407	0.3237	0.8687	0.4716
PP	chr12	SNPs	289940	289940	18906	25991	0.9388	0.9177	0.9281
PP	chr12	InDels	24309	24363	15397	3823	0.6128	0.8641	0.7170
TS112	chr12	SNPs	54282	54282	3828	5243	0.9341	0.9119	0.9229
TS112	chr12	InDels	2930	2941	5547	471	0.3465	0.8615	0.4942
TS12	chr12	SNPs	32047	32047	2892	2915	0.9172	0.9166	0.9169
TS12	chr12	InDels	1847	1849	4978	295	0.2708	0.8623	0.4122
TS166	chr12	SNPs	32879	32879	2839	2720	0.9205	0.9236	0.9221
TS166	chr12	InDels	1913	1918	5157	310	0.2711	0.8605	0.4123
TS171	chr12	SNPs	33674	33674	3563	3089	0.9043	0.9160	0.9101
TS171	chr12	InDels	2017	2022	5156	368	0.2817	0.8457	0.4226
TS185	chr12	SNPs	1735	1735	187	205	0.9027	0.8943	0.8985
TS185	chr12	InDels	248	248	1111	42	0.1825	0.8552	0.3008
TS204	chr12	SNPs	32597	32597	2634	2753	0.9252	0.9221	0.9237
TS204	chr12	InDels	1893	1897	4914	281	0.2785	0.8707	0.4220
TS222	chr12	SNPs	32631	32631	3567	2434	0.9015	0.9306	0.9158
TS222	chr12	InDels	2404	2407	5815	289	0.2928	0.8927	0.4409
TS281	chr12	SNPs	8480	8480	982	603	0.8962	0.9336	0.9145
TS281	chr12	InDels	928	930	3097	106	0.2309	0.8975	0.3674
TS3	chr12	SNPs	33402	33402	3578	3520	0.9032	0.9047	0.9040
TS3	chr12	InDels	1995	1998	5120	401	0.2807	0.8326	0.4199
TS331	chr12	SNPs	213487	213487	13737	16925	0.9395	0.9265	0.9330
TS331	chr12	InDels	13807	13837	10309	1761	0.5731	0.8869	0.6962
TS39	chr12	SNPs	48585	48585	4626	5451	0.9131	0.8991	0.9060
TS39	chr12	InDels	4210	4217	6308	945	0.4007	0.8167	0.5376
TS413	chr12	SNPs	264504	264504	23753	26541	0.9176	0.9088	0.9132
TS413	chr12	InDels	21907	21952	15342	3662	0.5886	0.8568	0.6978
TS421	chr12	SNPs	57180	57180	14889	6707	0.7934	0.8950	0.8412
TS421	chr12	InDels	5751	5763	9100	1160	0.3877	0.8322	0.5290
TS60	chr12	SNPs	4434	4434	490	377	0.9005	0.9216	0.9109
TS60	chr12	InDels	440	440	2017	68	0.1791	0.8661	0.2968
TS623	chr12	SNPs	222673	222673	13858	18522	0.9414	0.9232	0.9322
TS623	chr12	InDels	15862	15902	10639	2166	0.5991	0.8799	0.7129
TS629	chr12	SNPs	51853	51853	3936	4331	0.9294	0.9229	0.9262
TS629	chr12	InDels	2762	2769	5629	399	0.3297	0.8738	0.4788
TS692	chr12	SNPs	3967	3967	607	397	0.8673	0.9090	0.8877
TS692	chr12	InDels	519	520	2152	95	0.1946	0.8453	0.3164
TS80	chr12	SNPs	32677	32677	2819	2758	0.9206	0.9222	0.9214
TS80	chr12	InDels	1878	1880	5309	283	0.2615	0.8690	0.4020
TS9	chr12	SNPs	4200	4200	482	359	0.8971	0.9213	0.9090
TS9	chr12	InDels	478	478	1989	70	0.1938	0.8723	0.3171
TS96	chr12	SNPs	254735	254735	14691	20195	0.9455	0.9265	0.9359
TS96	chr12	InDels	17530	17579	11748	2501	0.5994	0.8751	0.7115
